<?xml version="1.0" encoding="UTF-8"?>
<project-private xmlns="http://www.netbeans.org/ns/project-private/1">
    <editor-bookmarks xmlns="http://www.netbeans.org/ns/editor-bookmarks/2" lastBookmarkId="0"/>
    <open-files xmlns="http://www.netbeans.org/ns/projectui-open-files/2">
        <group>
            <file>file:/D:/Patient-Record-Management-System/Patient-Record-Management-System/src/View/Medicines.java</file>
            <file>file:/D:/Patient-Record-Management-System/Patient-Record-Management-System/src/View/Record.java</file>
            <file>file:/D:/Patient-Record-Management-System/Patient-Record-Management-System/src/View/Home.java</file>
            <file>file:/D:/Patient-Record-Management-System/Patient-Record-Management-System/src/View/Login.java</file>
        </group>
    </open-files>
</project-private>
